Pregnancies,Glucose,BloodPressure,SkinThickness,Insulin,BMI,DiabetesPedigreeFunction,Age,Outcome
4,114,74,0,0,36.3,0.094,36,0
2,107,57,27,0,22.1,0.873,37,0
12,107,95,0,14,20.5,0.687,29,0
3,118,79,13,51,20.7,0.86,30,0
7,93,76,33,49,39.8,0.647,35,0
2,98,82,13,17,20.2,0.739,31,0
1,194,94,0,364,27.1,0.396,50,1
1,129,68,21,76,25.4,0.51,30,0
5,192,43,26,0,39.7,0.494,45,1
8,131,89,0,0,21.8,1.001,40,0
2,115,84,29,0,39.4,0.366,41,0
4,186,59,0,0,34.8,0.455,39,1
6,196,69,0,0,27.7,1.052,41,1
4,192,109,0,0,27.4,0.28,53,1
4,188,64,31,333,35.4,0.374,60,1
3,189,72,10,0,30,1.129,28,1
3,98,65,0,95,26.9,0.703,27,0
5,66,68,0,37,29.4,0.105,60,0
5,53,65,0,14,20.6,0.793,23,0
4,192,68,44,0,45.3,0.89,52,1
3,186,0,39,312,33.4,0.146,28,1
5,75,70,0,33,27.1,0.894,51,0
8,130,60,10,0,24.9,0.846,38,0
7,188,73,13,0,25.9,0.955,35,1
5,95,59,29,34,33.6,0.864,28,0
3,110,42,0,90,30.2,0.1,34,0
3,137,76,24,136,37.2,0.415,40,0
2,126,63,34,0,40.9,0.328,29,0
2,115,68,17,107,25.3,0.437,34,0
4,121,69,16,102,31.2,0.519,37,0
8,151,82,35,156,41.9,0.292,51,0
10,106,82,16,0,32.3,0.67,36,0
5,105,66,0,42,21.5,0.199,24,0
7,118,60,0,0,32,0.284,41,0
2,107,48,41,38,26.2,0.423,38,0
6,195,57,0,0,34.9,1.065,46,1
8,94,66,46,0,42.4,0.564,36,0
4,193,64,0,0,31,0.899,41,1
12,81,50,36,0,30.8,0.162,21,0
2,197,103,0,282,39.3,0.544,44,1
3,106,47,0,66,19.9,0.816,29,0
4,125,63,17,35,23.9,0.438,39,0
4,187,90,32,0,40.4,0.311,29,1
5,59,71,0,0,36.7,0.584,33,0
4,114,82,0,0,24.5,0.208,37,0
3,98,58,0,51,32.7,0.192,49,0
1,85,69,28,0,34.4,0.129,31,0
4,88,85,24,43,43,0.625,41,0
5,75,62,7,37,19.3,0.111,29,0
7,187,68,35,431,30.3,0.323,45,1
7,189,49,39,0,46.2,0.591,34,1
3,112,44,0,66,42.8,0.237,40,0
10,110,41,27,0,44.4,0.277,33,1
6,81,69,16,56,28,0.454,40,0
8,149,103,25,92,33.2,0.827,44,1
5,139,72,43,14,34.5,0.883,26,1
3,162,74,44,0,41.5,0.205,27,1
8,176,97,28,0,26.1,0.4,28,1
6,189,78,36,154,44.3,0.55,22,1
2,119,81,19,133,42.6,0.202,50,1
3,177,82,0,14,40.1,0.522,41,1
3,87,67,0,43,20.6,0.286,38,0
7,124,49,22,30,29.3,0.969,44,1
5,145,45,39,0,29.7,0.79,50,0
0,151,68,0,0,44.4,0.33,39,0
7,100,80,44,0,39.2,0.3,35,1
1,78,77,30,142,28.9,0.446,33,0
2,109,0,14,24,41.4,0.295,31,0
1,78,51,33,0,31,0.648,35,0
2,141,64,30,0,27.1,0.7,38,0
5,135,57,0,31,29.9,0.211,25,0
4,76,46,11,0,25.1,0.352,50,0
5,125,45,27,111,33.7,0.514,58,1
4,126,80,0,108,21.1,0.179,34,1
5,84,73,29,114,19.4,0.862,28,0
3,106,48,11,0,19.1,0.871,24,0
3,152,71,14,34,0,0.565,38,0
6,130,59,0,0,34.7,0.283,26,0
10,168,42,0,56,35.2,0.317,36,1
3,160,95,0,0,36.6,1.233,29,1
5,111,89,0,44,26.4,0.37,22,0
0,184,47,0,110,34.7,0.848,27,1
6,155,67,22,0,26.9,0.219,25,0
1,110,36,22,0,29.3,0.571,33,0
4,111,66,18,0,20.7,0.315,23,0
6,156,97,0,0,40.4,0.498,41,1
5,149,61,32,0,22.5,0.463,24,0
3,62,53,18,0,31.2,1.275,29,0
5,100,77,30,0,36.6,0.324,42,1
7,95,50,14,0,27.6,0.547,42,0
4,173,65,12,0,29.5,0.179,41,0
7,150,85,39,0,44.2,0.505,21,1
5,151,56,28,152,38.1,0.525,39,1
4,149,79,26,0,40,1.02,32,1
11,193,50,40,187,28.5,0.216,47,1
5,121,71,36,0,40.2,0.473,49,0
3,64,52,21,0,29.9,0.581,37,0
7,115,59,19,0,30.6,0.301,36,0
7,124,57,11,113,20.9,0.363,27,0
5,156,69,16,84,26.9,0.579,43,0
3,98,82,13,89,25.6,0.424,48,0
2,125,90,31,0,33,0.599,28,0
5,96,64,0,21,27.3,0.222,40,0
2,89,0,22,0,36.4,0.938,45,0
12,119,54,20,104,24.4,0.534,40,0
6,162,62,15,116,32,0.641,39,0
6,80,68,13,0,22.7,0.418,26,0
11,91,0,50,0,38.7,1.109,43,1
1,57,57,21,57,24.9,0.373,38,0
1,129,72,0,83,42.1,0.948,34,1
5,136,88,0,67,34.2,0.259,52,0
4,69,78,19,47,34,0.45,31,0
5,138,72,28,0,21.6,0.483,22,0
4,119,72,30,0,30.9,0.707,34,0
9,192,78,22,0,31,0.668,48,1
4,181,83,26,124,45.3,0.502,26,1
6,87,78,46,0,33.9,0.656,27,0
6,120,67,0,85,28.4,0.701,24,0
2,107,80,22,0,34.9,0.13,37,0
3,103,92,17,0,29.2,0.649,42,0
3,146,68,0,0,30.9,0.555,45,0
2,113,79,19,175,36.9,0.751,35,0
4,128,74,0,50,26.3,0.246,32,0
6,97,75,34,0,36.5,0.393,47,0
14,174,67,11,0,26.1,0.978,65,1
8,64,68,45,56,33,0.368,47,0
7,92,76,44,0,42.5,0.823,55,0
2,115,38,31,0,23.6,0.795,30,0
2,117,71,30,67,36,0.558,28,0
5,120,75,11,60,25.9,0.235,43,0
2,154,85,0,117,21.7,0.793,43,1
3,85,69,23,14,20.1,0.721,28,0
5,88,73,20,0,32.8,0.481,37,0
7,165,84,21,109,23.8,0.193,28,1
13,149,71,0,40,43.9,0.327,29,1
3,151,82,0,71,28.2,0.755,45,0
4,157,71,41,133,46.6,0.916,37,0
4,144,63,43,82,41.8,0.717,49,1
7,133,69,32,123,31.6,0.414,33,0
2,134,62,0,144,21.1,0.418,26,0
1,102,60,42,0,41.3,0.86,46,1
3,125,68,0,63,30.8,0.109,28,0
5,96,59,28,0,33.8,0.567,43,0
5,75,62,0,0,25.9,0.626,39,0
1,149,81,0,0,33.6,0.463,30,1
4,93,46,0,102,23.9,0.91,42,0
3,189,95,0,0,30.3,0.189,42,1
5,143,74,34,34,30.9,0.606,46,0
7,158,0,26,96,41.9,0.589,43,1
3,115,72,26,133,33.2,0.485,27,1
2,116,56,0,14,37.2,0.815,32,0
4,80,99,25,103,35,0.21,36,0
3,112,83,21,70,36.9,0.492,23,1
3,90,83,0,14,28.2,0.295,47,0
7,91,61,0,25,43.6,0.806,50,0
4,79,64,10,0,26.3,0.932,38,0
2,120,45,13,0,31.4,0.363,31,0
11,99,55,30,33,36.7,0.762,27,0
0,163,81,0,0,42.9,0.368,35,0
4,0,80,26,0,27.7,1.469,52,0
5,137,95,16,89,33.9,0.36,42,1
5,140,65,0,0,23.5,1.159,57,0
3,138,50,18,107,30.7,0.078,26,0
6,100,84,39,95,55,0.418,28,1
5,132,94,41,0,31.4,1.094,47,1
2,129,57,13,34,28.5,0.774,27,0
3,143,93,29,85,32,0.367,35,1
2,110,82,15,14,38.6,0.716,21,1
10,118,53,21,121,25,0.773,27,0
2,122,44,43,14,36.9,0.536,46,0
3,87,72,0,144,37.5,0.815,36,0
3,179,67,19,0,30,0.712,31,1
6,161,102,22,0,25.8,0.398,40,1
9,71,79,28,36,36.5,0.448,34,0
5,140,62,35,0,28.6,0.777,39,1
4,69,69,23,0,40,0.294,55,0
1,119,70,21,97,21.2,0.674,24,0
6,122,0,31,0,37.8,0.932,39,1
4,59,67,0,14,34.5,0.291,21,0
4,89,61,0,89,25,0.61,34,0
4,162,84,9,0,32.4,1.02,33,1
6,104,54,0,0,22.3,0.449,24,0
12,100,70,19,39,35.3,0.748,44,1
6,82,59,32,14,23.5,0.303,27,0
6,95,77,25,0,38,0.318,41,0
10,116,56,13,0,36,0.248,36,0
10,138,63,24,0,34.1,1.041,39,1
3,163,75,14,101,0,0.759,27,1
9,89,0,34,71,23,0.32,38,0
2,140,66,15,114,21.9,0.568,22,0
4,53,65,18,14,28.5,0.22,22,0
4,155,42,11,0,32.1,0.401,64,1
3,158,64,25,0,28.7,0.258,22,0
6,86,83,32,0,30.3,0.641,31,0
0,136,43,21,82,26.2,0.529,42,0
5,80,72,31,0,37.9,0.266,34,0
10,115,70,0,93,37.8,0.286,31,1
3,123,82,33,100,28.9,0.879,39,0
4,143,97,17,140,32.5,0.692,42,0
3,82,85,27,70,37.4,1.191,48,0
8,134,63,31,68,36.6,0.413,45,1
2,182,54,36,0,0,0.087,36,1
1,124,70,34,28,39.9,0.666,35,0
2,139,68,0,0,37.8,0.568,46,1
6,97,103,18,45,30.2,0.615,28,0
6,116,34,29,80,31.3,0.275,34,0
6,146,93,27,0,23.3,0.432,29,0
3,92,0,27,0,41,0.408,29,0
7,67,0,29,0,43.6,0.711,35,1
1,137,91,0,130,33.1,0.394,38,0
7,133,58,22,0,49.2,0.182,29,0
2,131,70,26,0,30.2,0.339,41,1
3,141,56,44,0,47.9,0.234,50,1
9,95,78,25,0,36.6,0.304,46,0
8,122,0,0,133,24.7,0.747,48,1
6,75,63,0,0,37.3,0.448,57,1
10,62,57,0,0,44,0.45,30,1
2,131,67,23,153,33,0.412,54,0
8,145,79,35,0,48.3,0.648,39,1
4,78,99,0,0,31.3,0.574,23,0
6,157,52,20,0,25,0.689,37,1
10,88,57,0,0,41.6,0.538,34,0
3,115,65,30,193,44.3,0.358,36,1
13,169,92,0,0,32.9,0.446,55,1
3,111,78,29,70,40.3,0.997,44,1
3,151,72,45,0,45,0.208,34,0
5,121,67,0,92,50.5,0.924,39,1
6,98,58,32,0,38.2,0.691,49,0
4,143,89,0,0,46.5,0.54,44,1
2,140,54,0,23,32.8,0.741,40,0
5,137,67,31,72,34.3,0.329,31,0
10,151,74,31,93,39.4,0.571,48,0
2,168,77,19,68,43.5,0.587,33,1
3,131,76,44,0,36.3,0.505,34,0
2,88,70,8,0,22.3,0.412,35,0
3,129,87,0,67,39.3,0.723,42,1
3,185,0,0,132,29.3,0.85,34,1
9,114,80,9,0,24.2,0.231,42,0
8,194,66,0,0,0,0.595,26,1
3,96,0,19,0,29.4,0.236,29,0
10,121,88,26,0,31.4,0.762,43,1
6,104,0,35,67,38.2,0.598,27,1
2,149,85,9,96,34.6,0.55,31,1
2,91,62,0,52,19,0.204,36,0
3,0,66,20,47,34.3,0.584,41,1
1,124,71,33,0,26.5,0.501,23,0
3,125,80,0,0,23.5,0.177,47,1
2,161,90,39,82,32,0.718,35,0
1,132,74,16,165,26.5,0.525,44,1
8,144,95,20,57,25.4,0.277,42,1
8,139,73,26,100,30.2,0.711,25,1
1,125,69,31,0,44.4,0.78,33,1
2,145,92,0,58,30.2,1.042,34,1
2,155,75,41,0,38.3,0.453,32,1
6,103,76,0,72,34.9,0.468,43,1
1,156,74,28,0,28.3,0.477,35,1
5,125,63,39,0,54.5,1.391,54,1
6,131,65,24,0,24.2,0.925,36,0
3,117,76,0,0,35.3,0.732,48,0
2,131,71,17,133,40.3,0.831,34,0
10,113,69,14,0,34.4,0.464,51,0
3,81,55,33,30,33.1,0.658,36,0
3,114,0,13,0,28.8,0.49,52,0
5,148,82,27,169,40.6,1.055,36,1
1,103,55,33,100,46.7,1.144,30,0
8,123,83,31,0,34.7,0.259,35,1
8,77,62,12,0,33.7,0.635,45,0
4,139,56,24,153,40.2,0.496,32,0
3,122,73,20,0,21.9,0.482,31,0
4,185,75,0,162,25,0.724,24,1
8,111,76,15,0,22.6,0.994,23,0
5,150,70,0,94,38.3,0.541,23,0
6,115,61,0,0,35.1,0.549,42,0
4,130,58,22,76,29.3,0.519,47,0
7,159,56,0,0,37.7,0.623,48,1
1,106,68,9,0,27.1,0.63,24,0
8,163,75,0,0,37.1,0.696,49,1
5,111,82,0,14,25,1.072,34,0
9,194,78,21,0,32.9,0.314,62,1
2,98,78,14,0,26.3,0.996,36,0
2,115,49,0,78,25.6,0.488,34,0
10,185,86,24,93,24.7,0.98,24,1
3,103,88,11,0,25.2,0.18,32,0
6,108,75,23,76,19.6,0.33,27,0
4,91,73,0,14,31.1,0.339,22,0
6,110,80,0,0,43.4,0.288,32,0
3,116,0,0,0,43.7,0.918,41,1
2,115,61,0,0,38,0.694,42,0
6,184,71,34,0,44.3,0.661,45,1
10,115,0,0,61,22.6,0.166,54,0
6,99,71,0,0,43.5,0.378,27,0
5,145,84,0,139,39.1,0.301,34,1
5,102,79,33,0,22.8,0.866,28,0
5,104,82,18,93,35.3,1.015,46,1
6,54,63,16,14,22.7,0.456,36,0
0,70,70,0,0,24.3,0.333,33,0
3,102,0,33,0,32.5,1.25,27,0
3,90,70,16,51,31.4,0.261,32,0
4,100,86,37,14,38.7,0.663,43,0
4,158,55,0,54,33.5,1.162,35,1
6,136,0,0,0,32.6,0.673,38,0
2,141,86,9,0,31.5,0.725,25,1
3,126,71,44,0,47.4,0.831,23,0
2,150,81,0,0,24.3,0.501,50,1
9,106,75,0,0,38.8,0.176,29,0
3,90,97,15,0,31.6,0.495,31,0
6,106,82,17,14,18.2,0.183,24,0
4,83,51,0,0,32.3,0.616,35,0
1,116,92,0,0,36.5,0.667,29,0
2,104,71,20,0,22.2,0.345,27,0
7,133,69,0,170,21,0.146,34,0
5,127,58,37,75,44.7,0.46,29,0
2,122,78,16,0,27.3,0.511,37,0
6,175,85,17,0,24.9,0.353,26,1
10,166,52,0,104,42.4,0.76,41,1
1,164,108,22,0,27.3,0.548,38,1
5,108,61,20,0,30.3,0.334,41,0
7,121,72,0,0,30,0.673,36,0
8,132,67,23,82,26.5,0.271,45,1
2,116,50,12,54,25.3,0.32,34,0
7,125,66,0,84,28,0.454,32,0
5,98,73,0,55,28.4,0.327,37,0
5,89,49,0,0,28.4,0.366,51,0
3,111,75,8,0,23.5,0.513,33,0
7,133,47,0,0,32.2,0.704,60,1
3,145,74,27,98,42.8,0.245,44,1
4,144,67,22,112,27.6,0.606,34,0
4,89,48,20,0,25.8,0.376,32,0
2,113,39,0,0,27.4,0.708,30,0
4,129,52,12,95,18.5,0.313,39,0
3,88,41,31,0,35.9,0.589,29,0
2,104,88,9,14,30,1.017,21,0
9,102,64,11,64,33,0.517,38,0
2,125,0,0,36,30.2,0.607,26,0
2,127,91,10,0,36.4,0.161,48,1
3,94,67,27,0,44.1,0.903,24,0
3,133,65,0,0,26.8,0.939,41,0
5,126,59,20,0,33.6,0.536,36,0
4,128,78,19,0,38.4,1.238,34,1
1,171,38,36,18,26.3,0.19,43,0
6,132,59,30,0,43,0.338,45,0
5,138,74,25,0,39.5,1.049,49,0
4,46,69,38,17,34.1,1.119,45,1
6,114,58,9,0,21,0.636,27,0
7,112,49,32,0,38.3,0.658,45,0
5,62,79,20,0,32.6,0.678,25,0
4,121,84,28,55,31.7,0.725,40,1
4,167,73,19,184,31.9,1.301,39,1
3,99,65,0,19,34.4,0.812,59,0
11,108,67,26,0,34,0.314,61,1
5,126,65,25,0,38.8,1.063,45,1
3,104,71,0,0,33.6,0.255,24,0
6,129,43,15,0,27.6,0.313,21,0
8,135,47,50,0,45.5,0.593,43,1
7,121,81,30,0,39.3,0.13,43,1
1,82,75,24,42,29.7,0.177,29,0
3,134,83,18,26,22.1,0.87,48,0
6,145,91,30,0,32.1,0.748,42,1
6,63,83,8,0,34.6,0.878,21,0
3,135,92,25,88,31.4,0.19,23,1
6,131,89,34,0,38.1,0.383,38,1
8,160,64,10,0,34.4,0.495,52,1
8,101,68,29,0,29.1,0.121,40,0
5,148,69,0,99,30.5,0.281,38,0
7,57,76,23,0,32.9,0.545,30,0
0,72,73,29,0,38.5,0.622,45,0
4,138,71,0,0,27.2,0.861,45,0
8,110,48,0,53,30.8,1.138,57,0
5,114,63,0,0,23.4,0.268,43,1
4,105,83,0,0,25.6,0.868,36,1
4,74,66,25,14,35.3,0.133,31,0
0,105,66,0,56,30.8,0.317,29,0
4,135,0,0,0,23.5,0.122,23,0
2,131,54,0,100,22.5,0.665,23,0
6,116,51,30,74,38.1,0.285,30,0
1,139,75,9,92,35.5,0.368,40,1
13,156,82,29,0,29.7,0.536,34,1
5,90,87,43,0,42.7,0.185,36,1
3,138,55,0,0,27.2,0.455,33,0
6,142,71,14,59,28.9,0.192,29,0
3,151,71,51,0,44.2,0.263,41,1
13,147,55,37,0,39.5,0.417,42,1
2,124,59,0,0,29.5,0.584,51,0
4,148,71,14,107,26,0.559,55,0
2,164,82,44,101,36.5,0.292,23,0
2,129,47,55,140,36.2,0.587,38,1
5,110,90,35,0,27.4,0.736,39,0
6,177,72,0,0,34,0.386,48,1
7,76,86,45,0,46.9,0.448,41,0
7,130,66,36,70,34.6,0.119,39,1
2,103,33,0,0,40.8,0.693,45,0
5,152,41,32,0,37.1,0.424,45,0
4,124,70,16,117,35.3,0.592,38,0
6,125,62,14,0,35.6,0.12,36,1
5,128,67,20,0,28.9,0.685,34,0
3,89,77,39,79,36.4,0.664,24,0
2,77,68,20,36,27,0.621,50,0
6,96,62,13,0,20.5,0.229,29,0
5,137,77,11,52,35,0.459,43,1
1,105,80,37,104,28.7,0.644,50,1
7,89,41,19,0,41.6,0.871,43,1
3,75,37,38,0,49.9,0.414,24,0
1,101,63,23,0,33.9,0.082,32,0
2,100,63,0,90,37,0.463,37,0
6,143,66,0,0,34.6,0.84,46,1
4,124,64,15,61,29.7,0.106,43,0
6,123,61,49,38,44.3,0.657,26,0
3,103,81,12,0,23.9,0.819,35,0
6,121,67,0,0,31.2,0.952,36,0
2,109,57,14,0,28.1,0.523,53,0
7,104,0,20,0,21.4,0.551,43,0
4,106,100,0,80,34.5,0.211,29,0
10,139,34,0,111,36.9,0.192,38,1
5,104,62,0,61,27.8,0.355,33,0
3,53,52,35,60,35,0.722,25,0
3,129,65,35,104,45.9,0.282,37,0
7,0,61,24,112,37.8,0.58,38,0
2,169,58,28,77,41.2,0.734,43,1
6,120,66,8,0,19.5,0.15,28,0
8,111,84,0,96,23.3,0.324,39,1
6,103,95,9,20,31,0.469,26,0
4,110,0,25,14,27.9,0.184,52,0
11,138,60,0,0,27.6,1.03,28,1
7,58,56,14,14,27.5,1.092,30,1
2,93,57,12,90,19.1,0.212,29,0
3,80,0,18,0,33.9,0.443,68,0
5,93,52,19,0,21.4,0.576,27,0
2,62,67,0,108,32.4,0.499,26,0
3,72,78,32,14,31.2,0.283,46,0
4,108,77,11,96,27.8,0.36,28,0
8,99,100,0,162,22.8,0.999,42,1
4,108,41,0,132,28.1,0.339,22,0
5,182,64,0,0,0,0.569,36,1
5,81,86,21,0,36,1.046,60,0
4,154,63,12,36,21.8,1.066,22,0
8,117,85,30,0,42.9,0.353,39,0
12,142,68,25,0,22.9,0.093,28,1
2,56,67,0,112,27.8,0.407,49,0
10,100,86,13,0,34.9,0.489,27,1
4,95,89,41,33,39.7,1.027,45,1
7,134,69,0,0,0,0.781,43,1
3,151,57,0,194,33.2,0.753,33,0
9,173,60,0,0,43.8,0.872,35,1
3,95,66,22,48,22.2,0.856,45,0
5,143,79,33,139,33.3,0.937,44,1
3,149,92,45,0,35.7,0.492,22,0
1,130,72,19,59,26,0.252,33,0
2,82,65,9,0,22,0.177,23,0
6,121,62,0,0,34.7,0.594,37,0
2,84,39,34,0,29.3,0.526,45,0
3,121,52,0,0,32.8,0.307,40,0
4,110,68,12,0,19.7,0.839,24,0
5,187,60,16,0,39.4,0.141,44,1
6,67,77,0,81,48.6,0.105,31,0
10,127,69,0,0,43.2,0.49,38,1
6,104,79,36,0,42.8,0.59,46,1
7,110,60,33,0,40.7,0.377,27,0
2,123,37,0,0,32.8,0.482,24,0
5,121,0,33,27,31.1,0.302,25,0
2,109,81,0,41,34.3,0.225,30,0
3,128,82,0,60,38.7,0.279,42,0
3,95,60,12,33,18.5,0.347,27,0
3,117,81,43,0,40,0.512,37,0
7,142,91,0,121,23.8,0.73,49,0
3,101,0,0,28,30.2,0.523,47,0
4,114,68,11,116,25,0.55,36,0
1,148,44,0,66,35.8,0.564,33,1
5,121,48,38,0,42.2,0.57,23,0
6,99,71,32,82,26.4,0.547,48,0
3,78,69,35,0,27.5,0.448,47,0
11,79,71,32,14,35.9,0.154,34,0
2,111,87,0,116,35.6,0.139,49,0
1,147,77,26,143,30,0.317,32,0
4,111,88,25,55,26.9,0.126,50,1
4,114,82,22,69,39.6,0.507,44,0
3,145,87,0,110,23.9,0.887,43,1
4,79,78,0,58,40.6,0.616,57,0
3,101,60,16,0,22.6,0.532,33,0
1,72,59,22,0,32.9,0.736,22,0
2,100,64,14,0,23.2,0.555,30,0
4,119,89,0,14,32.6,0.727,51,1
5,126,66,26,0,21.8,0.722,39,0
7,78,84,20,0,35.9,0.5,24,0
2,125,69,19,77,26.9,0.455,31,0
0,142,45,18,0,23.6,0.642,32,1
4,146,81,17,0,27.8,0.279,27,0
2,105,74,44,0,49.9,0.584,32,1
6,68,76,22,89,39.5,0.798,28,1
3,119,88,35,86,44.1,0.096,44,0
0,76,74,24,0,24.5,0.726,21,0
2,151,68,19,134,31.6,0.08,40,1
6,133,84,20,0,41.2,1.103,51,1
3,114,0,30,160,35.2,0.24,42,0
6,68,0,0,0,23.5,0.506,23,0
4,142,49,16,0,20.2,0.939,31,0
11,126,48,28,0,27.6,1.026,32,1
13,172,90,30,96,34.5,0.671,30,1
10,187,56,20,0,43.1,0.156,38,1
2,115,0,0,0,33.9,0.622,46,0
7,161,75,0,0,42.9,0.153,35,1
4,115,80,30,125,36.2,0.748,32,0
2,103,53,0,73,33.1,0.577,46,0
7,142,73,0,0,18.7,0.318,39,0
4,91,59,17,119,24.9,0.541,47,0
3,188,65,40,193,37.9,0.417,31,1
4,100,62,28,90,39.4,0.503,28,0
3,159,81,26,0,27,0.271,42,1
1,112,73,0,0,42,0.153,24,0
2,110,67,28,76,35.1,0.409,28,0
4,118,39,36,142,44.3,0.586,23,0
3,60,65,34,29,37.1,0.472,30,0
5,148,81,0,94,47,0.731,28,1
3,171,62,14,105,27.9,0.512,46,1
8,128,60,33,72,31.8,0.447,29,0
8,151,70,0,0,40.4,0.972,33,0
6,131,62,17,130,27.3,0.676,36,0
8,126,55,0,103,41,0.15,41,0
5,154,77,10,82,24.9,0.285,62,1
6,0,85,19,0,30.9,0.928,29,0
4,141,42,29,23,26.8,0.319,23,0
8,106,85,27,53,25.4,0.23,48,0
3,45,75,30,0,42.9,0.823,24,1
4,141,70,0,0,32,0.3,33,1
1,132,55,16,50,23.6,0.265,33,0
9,166,86,0,0,27.6,0.672,41,1
5,95,57,28,22,27.1,0.396,48,0
1,76,58,13,42,28.1,0.321,27,0
4,110,67,13,0,25.2,0.408,51,0
4,98,90,0,84,26.5,0.358,25,0
4,155,60,31,71,35.3,0.35,43,1
7,136,50,14,39,36.8,0.494,40,0
6,75,81,0,33,34,0.258,46,0
4,173,50,15,158,18.4,0.646,30,1
3,127,67,21,25,39.9,0.363,31,1
9,109,75,42,66,29.7,0.441,46,1
8,151,60,36,0,42.3,0.651,34,1
5,0,75,28,0,41.6,0.895,39,1
2,106,65,0,0,31.1,0.507,37,0
5,106,86,0,0,0,0.31,30,0
5,109,65,0,14,22,0.963,22,0
7,105,63,26,14,35.1,0.488,55,0
10,0,64,35,0,32.8,0.265,24,0
8,104,49,0,33,24.8,0.916,38,0
4,79,70,0,0,31.9,0.568,31,0
5,116,70,26,0,37.3,0.58,40,1
11,109,81,10,98,0,0.249,26,0
2,101,64,0,0,33.4,0.488,23,0
5,138,77,0,64,25.9,0.921,42,0
7,151,82,0,91,31.3,0.859,27,0
10,106,60,33,74,18.3,0.644,24,0
5,121,75,0,0,29,0.687,21,0
12,87,80,18,69,32.2,0.814,48,1
4,159,85,0,0,31.7,0.75,32,1
4,102,0,0,0,27.4,0.659,35,0
4,130,68,14,84,37.7,0.797,44,0
8,52,81,0,14,40.2,0.113,32,0
3,139,66,0,0,30.5,0.381,35,0
5,103,85,19,123,37.9,0.474,42,0
6,170,111,56,0,47.4,0.854,24,1
2,184,65,0,0,20,0.843,34,1
2,118,47,0,0,39.2,0.174,34,0
5,112,62,0,0,32.4,0.419,48,0
4,110,79,14,67,22.6,0.979,26,1
2,108,62,19,50,29.7,0.086,25,0
2,59,80,0,14,41.9,0.579,37,0
3,86,83,10,0,25.8,0.131,41,0
5,109,50,12,0,23.7,0.278,27,0
2,50,67,28,0,31.1,0.55,25,0
5,84,73,16,109,42.4,0.154,36,0
10,114,59,35,38,38.3,0.877,34,1
0,85,0,0,99,32.7,0.337,43,0
7,122,74,32,42,28.5,0.611,48,0
7,134,53,31,111,32.7,0.714,43,0
4,102,60,22,14,27.3,0.132,37,0
5,175,96,20,0,43.1,0.581,23,1
2,154,50,17,31,36.5,0.506,41,1
11,141,72,0,0,31.8,0.555,32,1
1,109,58,33,0,41.1,0.544,24,0
2,90,63,15,47,28.3,0.57,44,0
1,117,80,21,0,33.6,0.475,25,0
8,93,54,33,62,41,0.686,35,0
6,99,92,20,64,33.4,0.154,25,1
0,121,66,0,0,43.6,0.555,45,0
5,117,87,22,94,28.4,0.556,22,0
0,74,80,32,40,31.8,0.312,27,0
6,65,48,0,0,27.3,0.835,45,0
6,73,97,11,0,25.4,0.183,52,0
6,96,49,0,0,20.5,0.236,40,0
9,146,78,37,0,36.5,0.726,41,1
6,100,66,0,97,28.8,0.402,35,0
6,70,67,32,0,21.4,0.541,36,0
5,106,78,9,58,24.8,0.434,28,0
2,143,60,0,0,56.1,0.382,42,1
2,120,69,13,0,22.4,0.619,30,0
2,102,80,0,0,27.4,0.685,24,0
5,84,78,0,0,38.8,0.243,47,0
4,106,76,44,0,52.3,0.685,34,1
2,126,66,22,0,40.2,0.155,34,0
5,141,78,0,103,28.8,0.439,23,0
6,155,73,16,102,22.8,0.193,51,0
5,132,75,15,55,24.1,0.301,30,1
1,95,85,22,85,21.5,0.529,35,0
10,145,58,31,0,34.9,0.755,36,1
6,132,63,23,63,33.4,0.531,37,0
5,75,67,36,122,33.6,0.267,39,0
8,141,69,0,0,35.9,0.577,57,1
6,89,42,31,97,28.1,0.855,37,0
4,110,65,14,0,35.3,0.182,34,0
9,112,81,0,69,37,0.441,59,1
0,98,74,10,14,20.5,0.581,28,0
3,107,60,0,0,43.1,0.95,30,0
5,125,80,17,0,26.3,0.096,40,0
3,106,69,40,0,33.5,0.842,47,1
4,78,77,0,109,36,0.408,29,0
7,99,75,42,0,30.6,0.283,37,1
3,109,78,21,68,31.9,0.368,25,0
4,69,0,36,0,34,0.524,47,0
5,143,52,0,101,31.4,0.662,30,0
4,87,96,24,14,38.8,0.213,44,1
5,150,58,20,0,36.5,0.529,30,0
7,135,62,0,0,43,0.293,40,0
3,124,56,33,0,42.4,0.176,33,0
7,177,62,24,136,21,0.533,25,1
5,171,75,8,0,19,0.59,36,0
7,109,55,31,0,28.4,0.402,35,0
9,110,80,0,14,25,0.463,36,0
3,126,60,22,0,26.3,0.7,65,0
7,82,45,0,0,36.8,0.782,35,0
4,149,64,0,0,29.5,0.651,50,0
5,149,74,37,146,42.3,0.477,26,1
2,87,83,26,44,36.8,0.197,42,1
5,167,75,18,150,21.7,0.283,46,1
4,162,71,31,142,45.5,1.516,27,1
8,129,70,25,0,27.4,0.755,38,1
7,158,90,29,52,47.1,0.706,22,1
4,118,70,21,22,23.9,0.738,23,0
2,82,60,0,0,34.6,0.752,47,0
10,186,79,0,0,32.3,0.44,30,1
3,175,88,41,0,37.2,0.734,29,1
6,181,71,19,0,39.8,0.586,36,1
8,127,61,36,0,26.6,0.46,29,0
5,95,59,0,0,24.1,0.474,30,0
4,74,76,0,0,34.6,0.504,35,0
3,108,71,32,182,31.5,0.157,31,0
3,139,74,17,134,35.5,0.252,29,0
5,106,101,35,0,39,0.48,37,1
6,111,49,18,87,30.7,0.925,33,0
7,114,86,34,0,39.6,0.168,30,1
3,181,79,18,172,38.5,0.727,44,1
8,124,75,19,0,24,0.45,39,0
3,74,63,0,45,44.5,0.323,42,0
4,94,81,14,65,27.8,0.663,50,1
7,113,46,0,0,36,0.657,47,0
5,126,84,0,94,32.4,0.23,30,0
7,109,88,30,52,40,0.336,38,0
6,56,74,0,93,41.6,0.85,44,0
3,126,0,20,0,27,0.531,24,0
4,115,69,13,0,30.9,0.191,30,0
8,66,52,0,79,29.3,0.559,44,0
3,95,67,23,149,38.6,0.796,36,0
6,137,56,7,0,30.1,0.775,34,0
7,92,90,42,0,36.1,0.32,33,1
0,127,77,28,14,32,0.47,42,0
4,140,93,8,0,30.1,1.006,35,1
7,120,54,26,0,23.6,0.332,24,0
8,95,0,35,0,35.9,0.678,37,1
4,123,62,33,0,34.5,0.703,27,0
2,58,73,30,14,40.5,0.409,52,0
1,152,61,49,101,33.2,0.296,35,1
7,109,60,0,0,0,0.458,25,0
3,109,58,13,0,30.3,0.618,51,0
4,109,86,21,28,36.5,0.518,37,0
8,77,56,14,89,22.7,0.531,45,0
3,109,62,22,0,29,0.206,26,0
2,102,63,22,52,26.1,0.262,37,0
7,153,70,0,28,41.9,0.417,34,1
5,137,64,14,47,32.9,0.547,24,1
4,0,74,0,101,25.8,0.43,36,1
3,103,40,22,45,39.4,0.359,25,0
3,195,87,12,0,27.5,0.287,46,1
7,100,75,0,0,30.4,0.526,24,0
2,84,69,27,0,32.5,0.136,36,0
3,110,93,24,0,37.7,0.455,29,0
2,124,59,25,55,29.3,0.652,45,0
6,129,76,19,0,40.2,0.355,42,0
6,128,82,19,120,29.9,0.724,52,0
5,120,81,51,39,40.3,0.453,34,1
5,122,76,14,0,25.7,0.515,37,0
8,81,95,0,14,31.3,0.801,60,1
8,54,0,18,0,20.7,1.166,38,1
3,152,83,9,0,30.8,0.343,45,0
5,160,86,25,0,35.5,0.212,44,0
5,148,90,0,176,40.1,0.384,52,1
5,131,87,0,84,43.6,0.98,54,1
3,88,0,18,0,26.3,0.279,43,0
3,84,90,0,82,35.8,1.179,59,1
2,106,69,0,113,20.8,0.496,34,0
7,149,56,18,123,35,0.999,66,1
5,170,69,33,157,40.3,0.951,54,1
5,102,64,0,14,19.1,0.88,50,0
4,102,93,18,0,24.4,0.498,40,0
5,140,71,20,0,35.1,0.262,35,1
5,161,71,18,0,36.6,0.41,24,0
1,153,71,25,146,32.1,0.364,23,0
3,140,88,14,0,34.1,0.485,21,1
4,127,79,33,110,39.5,0.411,33,0
3,125,0,0,0,24.7,0.83,38,0
2,104,67,0,0,23.2,0.533,37,0
5,72,70,8,67,30.8,0.488,37,0
6,73,69,25,0,26.1,0.256,42,0
7,123,91,22,0,34.8,0.626,57,0
0,132,69,11,31,21.8,0.775,31,0
4,171,81,0,53,39.1,0.707,30,1
7,157,99,18,130,19.3,0.256,39,0
2,114,65,0,96,35.3,0.642,36,0
5,123,42,0,0,48,0.865,37,1
6,101,75,20,0,40.9,0.249,39,0
4,169,73,0,39,35.1,1.051,49,1
10,116,71,29,87,36.9,0.16,44,0
5,107,65,33,0,34.5,0.395,38,0
4,76,53,27,16,23.3,0.28,25,0
1,68,55,12,0,28.4,0.924,27,0
3,122,63,23,75,34.4,0.885,40,0
7,101,58,32,14,47.3,0.655,22,0
5,139,80,39,69,28.3,0.514,31,1
4,158,63,25,72,44.9,0.361,40,1
6,135,84,19,0,35.7,0.855,25,1
5,160,62,12,137,34.8,0.115,51,0
6,146,66,37,0,37.4,0.475,23,0
2,138,57,8,0,21,0.458,33,0
3,144,42,39,18,37.6,0.908,38,1
4,0,73,31,204,33.6,0.398,36,1
1,121,82,0,80,36.9,0.38,22,0
5,89,68,0,14,24.9,0.309,30,0
5,125,85,23,0,31.8,0.265,28,0
5,198,54,18,197,31.8,0.535,46,0
8,136,95,35,0,35.9,0.943,40,1
4,146,77,18,163,31,0.438,41,1
6,183,81,0,119,28.3,1.314,63,1
9,112,72,39,0,43.2,0.36,27,0
1,144,93,21,0,29.2,0.877,24,1
8,150,62,0,138,36.9,0.813,41,1
2,97,76,0,0,43.7,0.707,37,1
6,153,77,22,112,33.7,0.473,39,1
7,96,73,39,32,34.7,0.437,40,0
1,110,78,24,50,30.4,0.747,31,0
3,80,87,27,0,34.8,0.783,68,0
7,180,65,30,0,28.2,0.72,52,0
5,60,54,0,0,37.7,0.624,54,0
9,119,56,0,0,37.3,0.095,43,0
6,117,55,25,14,31.8,1.04,44,1
3,160,81,36,0,22.9,0.507,28,0
4,135,75,16,0,31.1,1.3,43,0
7,96,86,23,0,30.7,0.394,28,0
6,96,85,31,0,43,0.94,44,1
4,100,67,0,0,26.5,0.912,33,1
4,99,65,27,103,23.8,0.441,34,0
4,162,74,29,0,0,0.337,23,0
5,153,59,21,0,36.8,0.833,38,1
7,120,88,0,0,27.3,0.685,25,0
5,90,65,17,0,39.6,0.827,22,0
5,141,78,26,0,31.8,1.082,47,1
7,130,69,32,0,32.3,0.874,36,0
5,169,70,22,129,26.4,0.422,44,1
6,117,58,27,0,27.3,0.295,25,0
5,119,77,35,0,27.6,0.317,27,0
3,151,71,0,0,43.3,0.478,35,1
4,183,74,0,0,35.6,1.306,48,1
